temperature,raw,answer,iteration
0.1,sunday,sunday,1
0.1,sunday,sunday,2
0.1,sunday,sunday,3
0.1,sunday,sunday,4
0.1,sunday,sunday,5
0.1,sunday,sunday,6
0.1,sunday,sunday,7
0.1,sunday,sunday,8
0.1,sunday,sunday,9
0.1,sunday,sunday,10
0.1,sunday,sunday,11
0.1,sunday,sunday,12
0.1,sunday,sunday,13
0.1,sunday,sunday,14
0.1,sunday,sunday,15
0.1,sunday,sunday,16
0.1,sunday,sunday,17
0.1,sunday,sunday,18
0.1,sunday,sunday,19
0.1,sunday,sunday,20
0.1,sunday,sunday,21
0.1,sunday,sunday,22
0.1,sunday,sunday,23
0.1,sunday,sunday,24
0.1,sunday,sunday,25
0.1,sunday,sunday,26
0.1,sunday,sunday,27
0.1,sunday,sunday,28
0.1,sunday,sunday,29
0.1,sunday,sunday,30
0.1,sunday,sunday,31
0.1,sunday,sunday,32
0.1,sunday,sunday,33
0.1,sunday,sunday,34
0.1,sunday,sunday,35
0.1,sunday,sunday,36
0.1,sunday,sunday,37
0.1,sunday,sunday,38
0.1,sunday,sunday,39
0.1,sunday,sunday,40
0.1,sunday,sunday,41
0.1,sunday,sunday,42
0.1,sunday,sunday,43
0.1,sunday,sunday,44
0.1,sunday,sunday,45
0.1,sunday,sunday,46
0.1,sunday,sunday,47
0.1,sunday,sunday,48
0.1,sunday,sunday,49
0.1,sunday,sunday,50
0.1,sunday,sunday,51
0.1,sunday,sunday,52
0.1,sunday,sunday,53
0.1,sunday,sunday,54
0.1,sunday,sunday,55
0.1,sunday,sunday,56
0.1,sunday,sunday,57
0.1,sunday,sunday,58
0.1,sunday,sunday,59
0.1,sunday,sunday,60
0.1,sunday,sunday,61
0.1,sunday,sunday,62
0.1,sunday,sunday,63
0.1,sunday,sunday,64
0.1,sunday,sunday,65
0.1,sunday,sunday,66
0.1,sunday,sunday,67
0.1,sunday,sunday,68
0.1,sunday,sunday,69
0.1,sunday,sunday,70
0.1,sunday,sunday,71
0.1,sunday,sunday,72
0.1,sunday,sunday,73
0.1,sunday,sunday,74
0.1,sunday,sunday,75
0.1,sunday,sunday,76
0.1,sunday,sunday,77
0.1,sunday,sunday,78
0.1,sunday,sunday,79
0.1,sunday,sunday,80
0.1,sunday,sunday,81
0.1,sunday,sunday,82
0.1,sunday,sunday,83
0.1,sunday,sunday,84
0.1,sunday,sunday,85
0.1,sunday,sunday,86
0.1,sunday,sunday,87
0.1,sunday,sunday,88
0.1,sunday,sunday,89
0.1,sunday,sunday,90
0.1,sunday,sunday,91
0.1,sunday,sunday,92
0.1,sunday,sunday,93
0.1,sunday,sunday,94
0.1,sunday,sunday,95
0.1,sunday,sunday,96
0.1,sunday,sunday,97
0.1,sunday,sunday,98
0.1,sunday,sunday,99
0.1,sunday,sunday,100
0.1,sunday,sunday,101
0.1,sunday,sunday,102
0.1,sunday,sunday,103
0.1,sunday,sunday,104
0.1,sunday,sunday,105
0.1,sunday,sunday,106
0.1,sunday,sunday,107
0.1,sunday,sunday,108
0.1,sunday,sunday,109
0.1,sunday,sunday,110
0.1,sunday,sunday,111
0.1,sunday,sunday,112
0.1,sunday,sunday,113
0.1,sunday,sunday,114
0.1,sunday,sunday,115
0.1,sunday,sunday,116
0.1,sunday,sunday,117
0.1,sunday,sunday,118
0.1,sunday,sunday,119
0.1,sunday,sunday,120
0.1,sunday,sunday,121
0.1,sunday,sunday,122
0.1,sunday,sunday,123
0.1,sunday,sunday,124
0.1,sunday,sunday,125
0.1,sunday,sunday,126
0.1,sunday,sunday,127
0.1,sunday,sunday,128
0.1,sunday,sunday,129
0.1,sunday,sunday,130
0.1,sunday,sunday,131
0.1,sunday,sunday,132
0.1,sunday,sunday,133
0.1,sunday,sunday,134
0.1,sunday,sunday,135
0.1,sunday,sunday,136
0.1,sunday,sunday,137
0.1,sunday,sunday,138
0.1,sunday,sunday,139
0.1,sunday,sunday,140
0.1,sunday,sunday,141
0.1,sunday,sunday,142
0.1,sunday,sunday,143
0.1,sunday,sunday,144
0.1,sunday,sunday,145
0.1,sunday,sunday,146
0.1,sunday,sunday,147
0.1,sunday,sunday,148
0.1,sunday,sunday,149
0.1,sunday,sunday,150
0.1,sunday,sunday,151
0.1,sunday,sunday,152
0.1,sunday,sunday,153
0.1,sunday,sunday,154
0.1,sunday,sunday,155
0.1,sunday,sunday,156
0.1,sunday,sunday,157
0.1,sunday,sunday,158
0.1,sunday,sunday,159
0.1,sunday,sunday,160
0.1,sunday,sunday,161
0.1,sunday,sunday,162
0.1,sunday,sunday,163
0.1,sunday,sunday,164
0.1,sunday,sunday,165
0.1,sunday,sunday,166
0.1,sunday,sunday,167
0.1,sunday,sunday,168
0.1,sunday,sunday,169
0.1,sunday,sunday,170
0.1,sunday,sunday,171
0.1,sunday,sunday,172
0.1,sunday,sunday,173
0.1,sunday,sunday,174
0.1,sunday,sunday,175
0.1,sunday,sunday,176
0.1,sunday,sunday,177
0.1,sunday,sunday,178
0.1,sunday,sunday,179
0.1,monday,monday,180
0.1,sunday,sunday,181
0.1,sunday,sunday,182
0.1,sunday,sunday,183
0.1,sunday,sunday,184
0.1,sunday,sunday,185
0.1,sunday,sunday,186
0.1,sunday,sunday,187
0.1,sunday,sunday,188
0.1,sunday,sunday,189
0.1,sunday,sunday,190
0.1,sunday,sunday,191
0.1,sunday,sunday,192
0.1,sunday,sunday,193
0.1,sunday,sunday,194
0.1,sunday,sunday,195
0.1,sunday,sunday,196
0.1,sunday,sunday,197
0.1,sunday,sunday,198
0.1,sunday,sunday,199
0.1,sunday,sunday,200
0.1,sunday,sunday,201
0.1,sunday,sunday,202
0.1,sunday,sunday,203
0.1,sunday,sunday,204
0.1,sunday,sunday,205
0.1,sunday,sunday,206
0.1,sunday,sunday,207
0.1,sunday,sunday,208
0.1,sunday,sunday,209
0.1,sunday,sunday,210
0.1,sunday,sunday,211
0.1,sunday,sunday,212
0.1,sunday,sunday,213
0.1,sunday,sunday,214
0.1,sunday,sunday,215
0.1,sunday,sunday,216
0.1,sunday,sunday,217
0.1,sunday,sunday,218
0.1,sunday,sunday,219
0.1,sunday,sunday,220
0.1,sunday,sunday,221
0.1,sunday,sunday,222
0.1,sunday,sunday,223
0.1,sunday,sunday,224
0.1,sunday,sunday,225
0.1,sunday,sunday,226
0.1,sunday,sunday,227
0.1,sunday,sunday,228
0.1,sunday,sunday,229
0.1,sunday,sunday,230
0.1,sunday,sunday,231
0.1,sunday,sunday,232
0.1,sunday,sunday,233
0.1,sunday,sunday,234
0.1,sunday,sunday,235
0.1,sunday,sunday,236
0.1,sunday,sunday,237
0.1,sunday,sunday,238
0.1,sunday,sunday,239
0.1,sunday,sunday,240
0.1,sunday,sunday,241
0.1,sunday,sunday,242
0.1,sunday,sunday,243
0.1,sunday,sunday,244
0.1,sunday,sunday,245
0.1,sunday,sunday,246
0.1,sunday,sunday,247
0.1,sunday,sunday,248
0.1,sunday,sunday,249
0.1,sunday,sunday,250
0.1,sunday,sunday,251
0.1,sunday,sunday,252
0.1,sunday,sunday,253
0.1,sunday,sunday,254
0.1,sunday,sunday,255
0.1,sunday,sunday,256
0.1,sunday,sunday,257
0.1,sunday,sunday,258
0.1,sunday,sunday,259
0.1,sunday,sunday,260
0.1,sunday,sunday,261
0.1,sunday,sunday,262
0.1,sunday,sunday,263
0.1,sunday,sunday,264
0.1,sunday,sunday,265
0.1,sunday,sunday,266
0.1,sunday,sunday,267
0.1,sunday,sunday,268
0.1,sunday,sunday,269
0.1,sunday,sunday,270
0.1,sunday,sunday,271
0.1,sunday,sunday,272
0.1,sunday,sunday,273
0.1,sunday,sunday,274
0.1,sunday,sunday,275
0.1,sunday,sunday,276
0.1,sunday,sunday,277
0.1,sunday,sunday,278
0.1,sunday,sunday,279
0.1,sunday,sunday,280
0.1,sunday,sunday,281
0.1,sunday,sunday,282
0.1,sunday,sunday,283
0.1,sunday,sunday,284
0.1,sunday,sunday,285
0.1,sunday,sunday,286
0.1,monday,monday,287
0.1,sunday,sunday,288
0.1,sunday,sunday,289
0.1,sunday,sunday,290
0.1,sunday,sunday,291
0.1,sunday,sunday,292
0.1,sunday,sunday,293
0.1,sunday,sunday,294
0.1,sunday,sunday,295
0.1,sunday,sunday,296
0.1,sunday,sunday,297
0.1,sunday,sunday,298
0.1,sunday,sunday,299
0.1,sunday,sunday,300
0.1,sunday,sunday,301
0.1,sunday,sunday,302
0.1,sunday,sunday,303
0.1,sunday,sunday,304
0.1,sunday,sunday,305
0.1,sunday,sunday,306
0.1,sunday,sunday,307
0.1,sunday,sunday,308
0.1,sunday,sunday,309
0.1,monday,monday,310
0.1,sunday,sunday,311
0.1,sunday,sunday,312
0.1,monday,monday,313
0.1,monday,monday,314
0.1,sunday,sunday,315
0.1,sunday,sunday,316
0.1,sunday,sunday,317
0.1,sunday,sunday,318
0.1,sunday,sunday,319
0.1,sunday,sunday,320
0.1,sunday,sunday,321
0.1,sunday,sunday,322
0.1,sunday,sunday,323
0.1,sunday,sunday,324
0.1,sunday,sunday,325
0.1,sunday,sunday,326
0.1,sunday,sunday,327
0.1,sunday,sunday,328
0.1,sunday,sunday,329
0.1,sunday,sunday,330
0.1,sunday,sunday,331
0.1,sunday,sunday,332
0.1,sunday,sunday,333
0.1,sunday,sunday,334
0.1,sunday,sunday,335
0.1,sunday,sunday,336
0.1,sunday,sunday,337
0.1,sunday,sunday,338
0.1,sunday,sunday,339
0.1,sunday,sunday,340
0.1,sunday,sunday,341
0.1,sunday,sunday,342
0.1,sunday,sunday,343
0.1,sunday,sunday,344
0.1,monday,monday,345
0.1,monday,monday,346
0.1,sunday,sunday,347
0.1,sunday,sunday,348
0.1,sunday,sunday,349
0.1,sunday,sunday,350
0.1,sunday,sunday,351
0.1,sunday,sunday,352
0.1,sunday,sunday,353
0.1,sunday,sunday,354
0.1,sunday,sunday,355
0.1,sunday,sunday,356
0.1,monday,monday,357
0.1,sunday,sunday,358
0.1,sunday,sunday,359
0.1,sunday,sunday,360
0.1,sunday,sunday,361
0.1,sunday,sunday,362
0.1,sunday,sunday,363
0.1,sunday,sunday,364
0.1,sunday,sunday,365
0.1,sunday,sunday,366
0.1,sunday,sunday,367
0.1,sunday,sunday,368
0.1,sunday,sunday,369
0.1,sunday,sunday,370
0.1,sunday,sunday,371
0.1,sunday,sunday,372
0.1,sunday,sunday,373
0.1,sunday,sunday,374
0.1,sunday,sunday,375
0.1,sunday,sunday,376
0.1,sunday,sunday,377
0.1,sunday,sunday,378
0.1,sunday,sunday,379
0.1,sunday,sunday,380
0.1,sunday,sunday,381
0.1,sunday,sunday,382
0.1,sunday,sunday,383
0.1,sunday,sunday,384
0.1,sunday,sunday,385
0.1,sunday,sunday,386
0.1,sunday,sunday,387
0.1,sunday,sunday,388
0.1,sunday,sunday,389
0.1,sunday,sunday,390
0.1,sunday,sunday,391
0.1,sunday,sunday,392
0.1,sunday,sunday,393
0.1,sunday,sunday,394
0.1,sunday,sunday,395
0.1,sunday,sunday,396
0.1,sunday,sunday,397
0.1,sunday,sunday,398
0.1,sunday,sunday,399
0.1,sunday,sunday,400
0.1,sunday,sunday,401
0.1,sunday,sunday,402
0.1,sunday,sunday,403
0.1,sunday,sunday,404
0.1,sunday,sunday,405
0.1,sunday,sunday,406
0.1,sunday,sunday,407
0.1,sunday,sunday,408
0.1,sunday,sunday,409
0.1,sunday,sunday,410
0.1,sunday,sunday,411
0.1,sunday,sunday,412
0.1,sunday,sunday,413
0.1,sunday,sunday,414
0.1,sunday,sunday,415
0.1,sunday,sunday,416
0.1,sunday,sunday,417
0.1,sunday,sunday,418
0.1,sunday,sunday,419
0.1,sunday,sunday,420
0.1,sunday,sunday,421
0.1,sunday,sunday,422
0.1,sunday,sunday,423
0.1,sunday,sunday,424
0.1,sunday,sunday,425
0.1,sunday,sunday,426
0.1,sunday,sunday,427
0.1,sunday,sunday,428
0.1,sunday,sunday,429
0.1,sunday,sunday,430
0.1,sunday,sunday,431
0.1,sunday,sunday,432
0.1,sunday,sunday,433
0.1,sunday,sunday,434
0.1,sunday,sunday,435
0.1,sunday,sunday,436
0.1,sunday,sunday,437
0.1,sunday,sunday,438
0.1,sunday,sunday,439
0.1,sunday,sunday,440
0.1,sunday,sunday,441
0.1,sunday,sunday,442
0.1,sunday,sunday,443
0.1,sunday,sunday,444
0.1,sunday,sunday,445
0.1,sunday,sunday,446
0.1,sunday,sunday,447
0.1,sunday,sunday,448
0.1,monday,monday,449
0.1,sunday,sunday,450
0.1,sunday,sunday,451
0.1,sunday,sunday,452
0.1,sunday,sunday,453
0.1,sunday,sunday,454
0.1,sunday,sunday,455
0.1,sunday,sunday,456
0.1,sunday,sunday,457
0.1,sunday,sunday,458
0.1,sunday,sunday,459
0.1,sunday,sunday,460
0.1,sunday,sunday,461
0.1,sunday,sunday,462
0.1,sunday,sunday,463
0.1,sunday,sunday,464
0.1,sunday,sunday,465
0.1,sunday,sunday,466
0.1,sunday,sunday,467
0.1,sunday,sunday,468
0.1,sunday,sunday,469
0.1,sunday,sunday,470
0.1,sunday,sunday,471
0.1,sunday,sunday,472
0.1,sunday,sunday,473
0.1,sunday,sunday,474
0.1,sunday,sunday,475
0.1,monday,monday,476
0.1,sunday,sunday,477
0.1,sunday,sunday,478
0.1,sunday,sunday,479
0.1,sunday,sunday,480
0.1,sunday,sunday,481
0.1,sunday,sunday,482
0.1,sunday,sunday,483
0.1,sunday,sunday,484
0.1,sunday,sunday,485
0.1,sunday,sunday,486
0.1,sunday,sunday,487
0.1,sunday,sunday,488
0.1,sunday,sunday,489
0.1,sunday,sunday,490
0.1,sunday,sunday,491
0.1,sunday,sunday,492
0.1,sunday,sunday,493
0.1,sunday,sunday,494
0.1,sunday,sunday,495
0.1,sunday,sunday,496
0.1,sunday,sunday,497
0.1,sunday,sunday,498
0.1,sunday,sunday,499
0.1,sunday,sunday,500
0.5,sunday,sunday,1
0.5,sunday,sunday,2
0.5,tuesday,tuesday,3
0.5,sunday,sunday,4
0.5,monday,monday,5
0.5,sunday,sunday,6
0.5,sunday,sunday,7
0.5,sunday,sunday,8
0.5,wednesday,wednesday,9
0.5,tuesday,tuesday,10
0.5,monday,monday,11
0.5,sunday,sunday,12
0.5,sunday,sunday,13
0.5,sunday,sunday,14
0.5,sunday,sunday,15
0.5,tuesday,tuesday,16
0.5,sunday,sunday,17
0.5,sunday,sunday,18
0.5,sunday,sunday,19
0.5,monday,monday,20
0.5,sunday,sunday,21
0.5,sunday,sunday,22
0.5,sunday,sunday,23
0.5,sunday,sunday,24
0.5,sunday,sunday,25
0.5,sunday,sunday,26
0.5,sunday,sunday,27
0.5,sunday,sunday,28
0.5,monday,monday,29
0.5,sunday,sunday,30
0.5,sunday,sunday,31
0.5,sunday,sunday,32
0.5,sunday,sunday,33
0.5,sunday,sunday,34
0.5,sunday,sunday,35
0.5,sunday,sunday,36
0.5,sunday,sunday,37
0.5,sunday,sunday,38
0.5,sunday,sunday,39
0.5,monday,monday,40
0.5,sunday,sunday,41
0.5,monday,monday,42
0.5,sunday,sunday,43
0.5,wednesday,wednesday,44
0.5,sunday,sunday,45
0.5,wednesday,wednesday,46
0.5,monday,monday,47
0.5,monday,monday,48
0.5,monday,monday,49
0.5,monday,monday,50
0.5,monday,monday,51
0.5,sunday,sunday,52
0.5,sunday,sunday,53
0.5,sunday,sunday,54
0.5,sunday,sunday,55
0.5,monday,monday,56
0.5,sunday,sunday,57
0.5,monday,monday,58
0.5,monday,monday,59
0.5,sunday,sunday,60
0.5,monday,monday,61
0.5,sunday,sunday,62
0.5,monday,monday,63
0.5,sunday,sunday,64
0.5,sunday,sunday,65
0.5,sunday,sunday,66
0.5,sunday,sunday,67
0.5,sunday,sunday,68
0.5,monday,monday,69
0.5,wednesday,wednesday,70
0.5,sunday,sunday,71
0.5,sunday,sunday,72
0.5,monday,monday,73
0.5,sunday,sunday,74
0.5,sunday,sunday,75
0.5,wednesday,wednesday,76
0.5,sunday,sunday,77
0.5,sunday,sunday,78
0.5,monday,monday,79
0.5,sunday,sunday,80
0.5,sunday,sunday,81
0.5,sunday,sunday,82
0.5,sunday,sunday,83
0.5,sunday,sunday,84
0.5,sunday,sunday,85
0.5,monday,monday,86
0.5,sunday,sunday,87
0.5,monday,monday,88
0.5,sunday,sunday,89
0.5,sunday,sunday,90
0.5,sunday,sunday,91
0.5,sunday,sunday,92
0.5,sunday,sunday,93
0.5,wednesday,wednesday,94
0.5,sunday,sunday,95
0.5,sunday,sunday,96
0.5,monday,monday,97
0.5,sunday,sunday,98
0.5,sunday,sunday,99
0.5,monday,monday,100
0.5,sunday,sunday,101
0.5,monday,monday,102
0.5,sunday,sunday,103
0.5,monday,monday,104
0.5,sunday,sunday,105
0.5,monday,monday,106
0.5,monday,monday,107
0.5,monday,monday,108
0.5,sunday,sunday,109
0.5,monday,monday,110
0.5,sunday,sunday,111
0.5,sunday,sunday,112
0.5,sunday,sunday,113
0.5,monday,monday,114
0.5,monday,monday,115
0.5,sunday,sunday,116
0.5,monday,monday,117
0.5,sunday,sunday,118
0.5,wednesday,wednesday,119
0.5,monday,monday,120
0.5,sunday,sunday,121
0.5,sunday,sunday,122
0.5,tuesday,tuesday,123
0.5,tuesday,tuesday,124
0.5,monday,monday,125
0.5,sunday,sunday,126
0.5,sunday,sunday,127
0.5,sunday,sunday,128
0.5,monday,monday,129
0.5,sunday,sunday,130
0.5,monday,monday,131
0.5,sunday,sunday,132
0.5,sunday,sunday,133
0.5,monday,monday,134
0.5,monday,monday,135
0.5,monday,monday,136
0.5,sunday,sunday,137
0.5,tuesday,tuesday,138
0.5,sunday,sunday,139
0.5,sunday,sunday,140
0.5,sunday,sunday,141
0.5,sunday,sunday,142
0.5,sunday,sunday,143
0.5,sunday,sunday,144
0.5,monday,monday,145
0.5,sunday,sunday,146
0.5,sunday,sunday,147
0.5,sunday,sunday,148
0.5,tuesday,tuesday,149
0.5,sunday,sunday,150
0.5,wednesday,wednesday,151
0.5,monday,monday,152
0.5,sunday,sunday,153
0.5,wednesday,wednesday,154
0.5,sunday,sunday,155
0.5,sunday,sunday,156
0.5,monday,monday,157
0.5,sunday,sunday,158
0.5,tuesday,tuesday,159
0.5,sunday,sunday,160
0.5,sunday,sunday,161
0.5,sunday,sunday,162
0.5,sunday,sunday,163
0.5,sunday,sunday,164
0.5,sunday,sunday,165
0.5,sunday,sunday,166
0.5,sunday,sunday,167
0.5,sunday,sunday,168
0.5,monday,monday,169
0.5,sunday,sunday,170
0.5,monday,monday,171
0.5,sunday,sunday,172
0.5,sunday,sunday,173
0.5,monday,monday,174
0.5,monday,monday,175
0.5,monday,monday,176
0.5,sunday,sunday,177
0.5,sunday,sunday,178
0.5,monday,monday,179
0.5,monday,monday,180
0.5,sunday,sunday,181
0.5,sunday,sunday,182
0.5,sunday,sunday,183
0.5,sunday,sunday,184
0.5,monday,monday,185
0.5,sunday,sunday,186
0.5,sunday,sunday,187
0.5,monday,monday,188
0.5,tuesday,tuesday,189
0.5,monday,monday,190
0.5,monday,monday,191
0.5,sunday,sunday,192
0.5,wednesday,wednesday,193
0.5,monday,monday,194
0.5,monday,monday,195
0.5,monday,monday,196
0.5,sunday,sunday,197
0.5,sunday,sunday,198
0.5,monday,monday,199
0.5,tuesday,tuesday,200
0.5,sunday,sunday,201
0.5,monday,monday,202
0.5,sunday,sunday,203
0.5,sunday,sunday,204
0.5,sunday,sunday,205
0.5,sunday,sunday,206
0.5,monday,monday,207
0.5,sunday,sunday,208
0.5,sunday,sunday,209
0.5,wednesday,wednesday,210
0.5,sunday,sunday,211
0.5,sunday,sunday,212
0.5,sunday,sunday,213
0.5,sunday,sunday,214
0.5,sunday,sunday,215
0.5,monday,monday,216
0.5,sunday,sunday,217
0.5,monday,monday,218
0.5,monday,monday,219
0.5,sunday,sunday,220
0.5,sunday,sunday,221
0.5,sunday,sunday,222
0.5,tuesday,tuesday,223
0.5,sunday,sunday,224
0.5,sunday,sunday,225
0.5,sunday,sunday,226
0.5,sunday,sunday,227
0.5,sunday,sunday,228
0.5,sunday,sunday,229
0.5,monday,monday,230
0.5,sunday,sunday,231
0.5,sunday,sunday,232
0.5,sunday,sunday,233
0.5,wednesday,wednesday,234
0.5,sunday,sunday,235
0.5,sunday,sunday,236
0.5,tuesday,tuesday,237
0.5,sunday,sunday,238
0.5,sunday,sunday,239
0.5,sunday,sunday,240
0.5,monday,monday,241
0.5,sunday,sunday,242
0.5,monday,monday,243
0.5,sunday,sunday,244
0.5,sunday,sunday,245
0.5,monday,monday,246
0.5,monday,monday,247
0.5,sunday,sunday,248
0.5,monday,monday,249
0.5,monday,monday,250
0.5,sunday,sunday,251
0.5,sunday,sunday,252
0.5,sunday,sunday,253
0.5,sunday,sunday,254
0.5,sunday,sunday,255
0.5,sunday,sunday,256
0.5,sunday,sunday,257
0.5,sunday,sunday,258
0.5,sunday,sunday,259
0.5,sunday,sunday,260
0.5,sunday,sunday,261
0.5,sunday,sunday,262
0.5,sunday,sunday,263
0.5,sunday,sunday,264
0.5,wednesday,wednesday,265
0.5,sunday,sunday,266
0.5,sunday,sunday,267
0.5,monday,monday,268
0.5,sunday,sunday,269
0.5,sunday,sunday,270
0.5,monday,monday,271
0.5,sunday,sunday,272
0.5,sunday,sunday,273
0.5,sunday,sunday,274
0.5,sunday,sunday,275
0.5,sunday,sunday,276
0.5,sunday,sunday,277
0.5,sunday,sunday,278
0.5,monday,monday,279
0.5,wednesday,wednesday,280
0.5,sunday,sunday,281
0.5,monday,monday,282
0.5,monday,monday,283
0.5,monday,monday,284
0.5,tuesday,tuesday,285
0.5,sunday,sunday,286
0.5,sunday,sunday,287
0.5,monday,monday,288
0.5,sunday,sunday,289
0.5,wednesday,wednesday,290
0.5,sunday,sunday,291
0.5,monday,monday,292
0.5,sunday,sunday,293
0.5,tuesday,tuesday,294
0.5,sunday,sunday,295
0.5,wednesday,wednesday,296
0.5,monday,monday,297
0.5,sunday,sunday,298
0.5,sunday,sunday,299
0.5,sunday,sunday,300
0.5,sunday,sunday,301
0.5,sunday,sunday,302
0.5,sunday,sunday,303
0.5,sunday,sunday,304
0.5,sunday,sunday,305
0.5,monday,monday,306
0.5,sunday,sunday,307
0.5,monday,monday,308
0.5,sunday,sunday,309
0.5,sunday,sunday,310
0.5,sunday,sunday,311
0.5,sunday,sunday,312
0.5,sunday,sunday,313
0.5,sunday,sunday,314
0.5,wednesday,wednesday,315
0.5,sunday,sunday,316
0.5,sunday,sunday,317
0.5,sunday,sunday,318
0.5,sunday,sunday,319
0.5,sunday,sunday,320
0.5,monday,monday,321
0.5,sunday,sunday,322
0.5,monday,monday,323
0.5,monday,monday,324
0.5,monday,monday,325
0.5,sunday,sunday,326
0.5,monday,monday,327
0.5,monday,monday,328
0.5,sunday,sunday,329
0.5,monday,monday,330
0.5,monday,monday,331
0.5,sunday,sunday,332
0.5,monday,monday,333
0.5,sunday,sunday,334
0.5,sunday,sunday,335
0.5,sunday,sunday,336
0.5,sunday,sunday,337
0.5,sunday,sunday,338
0.5,sunday,sunday,339
0.5,sunday,sunday,340
0.5,sunday,sunday,341
0.5,monday,monday,342
0.5,monday,monday,343
0.5,sunday,sunday,344
0.5,sunday,sunday,345
0.5,sunday,sunday,346
0.5,sunday,sunday,347
0.5,sunday,sunday,348
0.5,sunday,sunday,349
0.5,monday,monday,350
0.5,monday,monday,351
0.5,sunday,sunday,352
0.5,sunday,sunday,353
0.5,sunday,sunday,354
0.5,sunday,sunday,355
0.5,monday,monday,356
0.5,sunday,sunday,357
0.5,sunday,sunday,358
0.5,monday,monday,359
0.5,sunday,sunday,360
0.5,sunday,sunday,361
0.5,sunday,sunday,362
0.5,sunday,sunday,363
0.5,monday,monday,364
0.5,wednesday,wednesday,365
0.5,monday,monday,366
0.5,sunday,sunday,367
0.5,monday,monday,368
0.5,sunday,sunday,369
0.5,monday,monday,370
0.5,sunday,sunday,371
0.5,sunday,sunday,372
0.5,sunday,sunday,373
0.5,wednesday,wednesday,374
0.5,sunday,sunday,375
0.5,sunday,sunday,376
0.5,monday,monday,377
0.5,monday,monday,378
0.5,monday,monday,379
0.5,sunday,sunday,380
0.5,sunday,sunday,381
0.5,monday,monday,382
0.5,sunday,sunday,383
0.5,sunday,sunday,384
0.5,tuesday,tuesday,385
0.5,sunday,sunday,386
0.5,sunday,sunday,387
0.5,monday,monday,388
0.5,tuesday,tuesday,389
0.5,sunday,sunday,390
0.5,sunday,sunday,391
0.5,sunday,sunday,392
0.5,monday,monday,393
0.5,sunday,sunday,394
0.5,monday,monday,395
0.5,monday,monday,396
0.5,sunday,sunday,397
0.5,sunday,sunday,398
0.5,monday,monday,399
0.5,sunday,sunday,400
0.5,wednesday,wednesday,401
0.5,sunday,sunday,402
0.5,wednesday,wednesday,403
0.5,sunday,sunday,404
0.5,monday,monday,405
0.5,sunday,sunday,406
0.5,monday,monday,407
0.5,sunday,sunday,408
0.5,sunday,sunday,409
0.5,tuesday,tuesday,410
0.5,sunday,sunday,411
0.5,monday,monday,412
0.5,sunday,sunday,413
0.5,sunday,sunday,414
0.5,sunday,sunday,415
0.5,sunday,sunday,416
0.5,sunday,sunday,417
0.5,sunday,sunday,418
0.5,monday,monday,419
0.5,monday,monday,420
0.5,wednesday,wednesday,421
0.5,sunday,sunday,422
0.5,sunday,sunday,423
0.5,sunday,sunday,424
0.5,sunday,sunday,425
0.5,sunday,sunday,426
0.5,sunday,sunday,427
0.5,tuesday,tuesday,428
0.5,sunday,sunday,429
0.5,sunday,sunday,430
0.5,monday,monday,431
0.5,monday,monday,432
0.5,monday,monday,433
0.5,sunday,sunday,434
0.5,monday,monday,435
0.5,monday,monday,436
0.5,sunday,sunday,437
0.5,sunday,sunday,438
0.5,sunday,sunday,439
0.5,sunday,sunday,440
0.5,wednesday,wednesday,441
0.5,sunday,sunday,442
0.5,sunday,sunday,443
0.5,monday,monday,444
0.5,sunday,sunday,445
0.5,monday,monday,446
0.5,sunday,sunday,447
0.5,sunday,sunday,448
0.5,sunday,sunday,449
0.5,sunday,sunday,450
0.5,monday,monday,451
0.5,sunday,sunday,452
0.5,monday,monday,453
0.5,sunday,sunday,454
0.5,sunday,sunday,455
0.5,monday,monday,456
0.5,sunday,sunday,457
0.5,sunday,sunday,458
0.5,sunday,sunday,459
0.5,tuesday,tuesday,460
0.5,sunday,sunday,461
0.5,wednesday,wednesday,462
0.5,sunday,sunday,463
0.5,sunday,sunday,464
0.5,sunday,sunday,465
0.5,tuesday,tuesday,466
0.5,sunday,sunday,467
0.5,sunday,sunday,468
0.5,monday,monday,469
0.5,monday,monday,470
0.5,monday,monday,471
0.5,tuesday,tuesday,472
0.5,tuesday,tuesday,473
0.5,sunday,sunday,474
0.5,monday,monday,475
0.5,wednesday,wednesday,476
0.5,sunday,sunday,477
0.5,monday,monday,478
0.5,sunday,sunday,479
0.5,sunday,sunday,480
0.5,sunday,sunday,481
0.5,wednesday,wednesday,482
0.5,sunday,sunday,483
0.5,wednesday,wednesday,484
0.5,sunday,sunday,485
0.5,sunday,sunday,486
0.5,sunday,sunday,487
0.5,monday,monday,488
0.5,monday,monday,489
0.5,sunday,sunday,490
0.5,sunday,sunday,491
0.5,sunday,sunday,492
0.5,sunday,sunday,493
0.5,sunday,sunday,494
0.5,sunday,sunday,495
0.5,sunday,sunday,496
0.5,monday,monday,497
0.5,sunday,sunday,498
0.5,monday,monday,499
0.5,monday,monday,500
1.0,tuesday,tuesday,1
1.0,sunday,sunday,2
1.0,tuesday,tuesday,3
1.0,sunday,sunday,4
1.0,sunday,sunday,5
1.0,monday,monday,6
1.0,wednesday,wednesday,7
1.0,sunday,sunday,8
1.0,sunday,sunday,9
1.0,sunday,sunday,10
1.0,monday,monday,11
1.0,tuesday,tuesday,12
1.0,monday,monday,13
1.0,sunday,sunday,14
1.0,monday,monday,15
1.0,monday,monday,16
1.0,sunday,sunday,17
1.0,monday,monday,18
1.0,monday,monday,19
1.0,sunday,sunday,20
1.0,sunday,sunday,21
1.0,sunday,sunday,22
1.0,wednesday,wednesday,23
1.0,sunday,sunday,24
1.0,tuesday,tuesday,25
1.0,sunday,sunday,26
1.0,sunday,sunday,27
1.0,tuesday,tuesday,28
1.0,sunday,sunday,29
1.0,sunday,sunday,30
1.0,tuesday,tuesday,31
1.0,tuesday,tuesday,32
1.0,monday,monday,33
1.0,monday,monday,34
1.0,"monday 

or 
tuesday",monday,35
1.0,wednesday,wednesday,36
1.0,sunday,sunday,37
1.0,monday,monday,38
1.0,monday,monday,39
1.0,sunday,sunday,40
1.0,sunday,sunday,41
1.0,wednesday,wednesday,42
1.0,tuesday,tuesday,43
1.0,sunday,sunday,44
1.0,sunday,sunday,45
1.0,sunday,sunday,46
1.0,sunday,sunday,47
1.0,monday,monday,48
1.0,sunday,sunday,49
1.0,sunday,sunday,50
1.0,wednesday,wednesday,51
1.0,wednesday,wednesday,52
1.0,monday,monday,53
1.0,sunday,sunday,54
1.0,sunday,sunday,55
1.0,monday,monday,56
1.0,monday,monday,57
1.0,sunday,sunday,58
1.0,sunday,sunday,59
1.0,sunday,sunday,60
1.0,monday,monday,61
1.0,sunday,sunday,62
1.0,wednesday,wednesday,63
1.0,monday,monday,64
1.0,sunday,sunday,65
1.0,sunday,sunday,66
1.0,sunday,sunday,67
1.0,monday,monday,68
1.0,sunday,sunday,69
1.0,wednesday,wednesday,70
1.0,sunday,sunday,71
1.0,sunday,sunday,72
1.0,monday,monday,73
1.0,sunday,sunday,74
1.0,monday,monday,75
1.0,tuesday,tuesday,76
1.0,"monday 

(please note: I",monday,77
1.0,sunday,sunday,78
1.0,monday,monday,79
1.0,sunday,sunday,80
1.0,sunday,sunday,81
1.0,wednesday,wednesday,82
1.0,sunday,sunday,83
1.0,monday,monday,84
1.0,sunday,sunday,85
1.0,tuesday,tuesday,86
1.0,sunday,sunday,87
1.0,sunday,sunday,88
1.0,wednesday,wednesday,89
1.0,sunday,sunday,90
1.0,sunday,sunday,91
1.0,monday,monday,92
1.0,monday,monday,93
1.0,monday,monday,94
1.0,sunday,sunday,95
1.0,monday,monday,96
1.0,monday,monday,97
1.0,sunday,sunday,98
1.0,sunday,sunday,99
1.0,monday,monday,100
1.0,sunday,sunday,101
1.0,sunday,sunday,102
1.0,sunday,sunday,103
1.0,monday,monday,104
1.0,sunday,sunday,105
1.0,tuesday,tuesday,106
1.0,monday,monday,107
1.0,wednesday,wednesday,108
1.0,wednesday,wednesday,109
1.0,tuesday,tuesday,110
1.0,monday,monday,111
1.0,monday,monday,112
1.0,wednesday,wednesday,113
1.0,sunday,sunday,114
1.0,sunday,sunday,115
1.0,sunday,sunday,116
1.0,sunday,sunday,117
1.0,monday,monday,118
1.0,sunday,sunday,119
1.0,sunday,sunday,120
1.0,wednesday,wednesday,121
1.0,sunday,sunday,122
1.0,monday,monday,123
1.0,sunday,sunday,124
1.0,sunday,sunday,125
1.0,monday,monday,126
1.0,wednesday,wednesday,127
1.0,sunday,sunday,128
1.0,sunday,sunday,129
1.0,sunday,sunday,130
1.0,wednesday,wednesday,131
1.0,sunday,sunday,132
1.0,sunday,sunday,133
1.0,sunday,sunday,134
1.0,sunday,sunday,135
1.0,monday,monday,136
1.0,monday,monday,137
1.0,sunday,sunday,138
1.0,monday,monday,139
1.0,monday,monday,140
1.0,tuesday,tuesday,141
1.0,monday,monday,142
1.0,sunday,sunday,143
1.0,monday,monday,144
1.0,monday,monday,145
1.0,sunday,sunday,146
1.0,sunday,sunday,147
1.0,sunday,sunday,148
1.0,wednesday,wednesday,149
1.0,tuesday,tuesday,150
1.0,sunday,sunday,151
1.0,sunday,sunday,152
1.0,monday,monday,153
1.0,sunday,sunday,154
1.0,sunday,sunday,155
1.0,sunday,sunday,156
1.0,monday,monday,157
1.0,sunday,sunday,158
1.0,monday,monday,159
1.0,monday,monday,160
1.0,sunday,sunday,161
1.0,sunday,sunday,162
1.0,sunday,sunday,163
1.0,monday,monday,164
1.0,sunday,sunday,165
1.0,monday,monday,166
1.0,monday,monday,167
1.0,sunday,sunday,168
1.0,sunday,sunday,169
1.0,sunday,sunday,170
1.0,monday,monday,171
1.0,monday,monday,172
1.0,monday,monday,173
1.0,monday,monday,174
1.0,monday,monday,175
1.0,wednesday,wednesday,176
1.0,sunday,sunday,177
1.0,wednesday,wednesday,178
1.0,tuesday,tuesday,179
1.0,sunday,sunday,180
1.0,sunday,sunday,181
1.0,sunday,sunday,182
1.0,sunday,sunday,183
1.0,tuesday,tuesday,184
1.0,sunday,sunday,185
1.0,"monday 

(assuming this is how",monday,186
1.0,sunday,sunday,187
1.0,sunday,sunday,188
1.0,sunday,sunday,189
1.0,sunday,sunday,190
1.0,sunday,sunday,191
1.0,monday,monday,192
1.0,tuesday,tuesday,193
1.0,monday,monday,194
1.0,sunday,sunday,195
1.0,monday,monday,196
1.0,wednesday,wednesday,197
1.0,monday,monday,198
1.0,sunday,sunday,199
1.0,monday,monday,200
1.0,monday,monday,201
1.0,wednesday,wednesday,202
1.0,sunday,sunday,203
1.0,sunday,sunday,204
1.0,"monday 

(Note: this can be",monday,205
1.0,sunday,sunday,206
1.0,sunday,sunday,207
1.0,sunday,sunday,208
1.0,sunday,sunday,209
1.0,sunday,sunday,210
1.0,sunday,sunday,211
1.0,tuesday,tuesday,212
1.0,sunday,sunday,213
1.0,sunday,sunday,214
1.0,wednesday,wednesday,215
1.0,wednesday,wednesday,216
1.0,sunday,sunday,217
1.0,tuesday,tuesday,218
1.0,sunday,sunday,219
1.0,sunday,sunday,220
1.0,sunday,sunday,221
1.0,tuesday,tuesday,222
1.0,sunday,sunday,223
1.0,sunday,sunday,224
1.0,wednesday,wednesday,225
1.0,wednesday,wednesday,226
1.0,monday,monday,227
1.0,monday,monday,228
1.0,sunday,sunday,229
1.0,sunday,sunday,230
1.0,sunday,sunday,231
1.0,monday,monday,232
1.0,"monday 

or
tuesday",monday,233
1.0,wednesday,wednesday,234
1.0,sunday,sunday,235
1.0,sunday,sunday,236
1.0,sunday,sunday,237
1.0,monday,monday,238
1.0,tuesday,tuesday,239
1.0,tuesday,tuesday,240
1.0,sunday,sunday,241
1.0,sunday,sunday,242
1.0,wednesday,wednesday,243
1.0,monday,monday,244
1.0,tuesday,tuesday,245
1.0,wednesday,wednesday,246
1.0,sunday,sunday,247
1.0,sunday,sunday,248
1.0,sunday,sunday,249
1.0,monday,monday,250
1.0,sunday,sunday,251
1.0,sunday,sunday,252
1.0,wednesday,wednesday,253
1.0,sunday,sunday,254
1.0,monday,monday,255
1.0,sunday,sunday,256
1.0,sunday,sunday,257
1.0,monday,monday,258
1.0,wednesday,wednesday,259
1.0,wednesday,wednesday,260
1.0,sunday,sunday,261
1.0,sunday,sunday,262
1.0,wednesday,wednesday,263
1.0,sunday,sunday,264
1.0,sunday,sunday,265
1.0,sunday,sunday,266
1.0,sunday,sunday,267
1.0,monday,monday,268
1.0,wednesday,wednesday,269
1.0,sunday,sunday,270
1.0,sunday,sunday,271
1.0,tuesday,tuesday,272
1.0,monday,monday,273
1.0,sunday,sunday,274
1.0,monday,monday,275
1.0,wednesday,wednesday,276
1.0,wednesday,wednesday,277
1.0,monday,monday,278
1.0,tuesday,tuesday,279
1.0,sunday,sunday,280
1.0,sunday,sunday,281
1.0,sunday,sunday,282
1.0,sunday,sunday,283
1.0,sunday,sunday,284
1.0,sunday,sunday,285
1.0,tuesday,tuesday,286
1.0,monday,monday,287
1.0,monday,monday,288
1.0,tuesday,tuesday,289
1.0,wednesday,wednesday,290
1.0,monday,monday,291
1.0,monday,monday,292
1.0,sunday,sunday,293
1.0,monday,monday,294
1.0,tuesday,tuesday,295
1.0,monday,monday,296
1.0,monday,monday,297
1.0,sunday,sunday,298
1.0,sunday,sunday,299
1.0,sunday,sunday,300
1.0,sunday,sunday,301
1.0,monday,monday,302
1.0,tuesday,tuesday,303
1.0,sunday,sunday,304
1.0,sunday,sunday,305
1.0,sunday,sunday,306
1.0,sunday,sunday,307
1.0,monday,monday,308
1.0,sunday,sunday,309
1.0,monday,monday,310
1.0,monday,monday,311
1.0,monday,monday,312
1.0,tuesday,tuesday,313
1.0,sunday,sunday,314
1.0,wednesday,wednesday,315
1.0,wednesday,wednesday,316
1.0,sunday,sunday,317
1.0,tuesday,tuesday,318
1.0,sunday,sunday,319
1.0,tuesday,tuesday,320
1.0,sunday,sunday,321
1.0,sunday,sunday,322
1.0,sunday,sunday,323
1.0,wednesday,wednesday,324
1.0,wednesday,wednesday,325
1.0,sunday,sunday,326
1.0,wednesday,wednesday,327
1.0,monday,monday,328
1.0,wednesday,wednesday,329
1.0,monday,monday,330
1.0,sunday,sunday,331
1.0,monday,monday,332
1.0,monday,monday,333
1.0,sunday,sunday,334
1.0,monday,monday,335
1.0,tuesday,tuesday,336
1.0,monday,monday,337
1.0,monday,monday,338
1.0,sunday,sunday,339
1.0,sunday,sunday,340
1.0,sunday,sunday,341
1.0,monday,monday,342
1.0,sunday,sunday,343
1.0,monday,monday,344
1.0,sunday,sunday,345
1.0,monday,monday,346
1.0,wednesday,wednesday,347
1.0,monday,monday,348
1.0,"monday 

(Please note that a",monday,349
1.0,sunday,sunday,350
1.0,monday,monday,351
1.0,sunday,sunday,352
1.0,sunday,sunday,353
1.0,monday,monday,354
1.0,monday,monday,355
1.0,sunday,sunday,356
1.0,monday,monday,357
1.0,sunday,sunday,358
1.0,tuesday,tuesday,359
1.0,monday,monday,360
1.0,monday,monday,361
1.0,monday,monday,362
1.0,wednesday,wednesday,363
1.0,monday,monday,364
1.0,sunday,sunday,365
1.0,sunday,sunday,366
1.0,sunday,sunday,367
1.0,sunday,sunday,368
1.0,sunday,sunday,369
1.0,monday,monday,370
1.0,sunday,sunday,371
1.0,wednesday,wednesday,372
1.0,monday,monday,373
1.0,sunday,sunday,374
1.0,monday,monday,375
1.0,wednesday,wednesday,376
1.0,"monday 

(I corrected my response accordingly",monday,377
1.0,sunday,sunday,378
1.0,sunday,sunday,379
1.0,sunday,sunday,380
1.0,sunday,sunday,381
1.0,sunday,sunday,382
1.0,sunday,sunday,383
1.0,sunday,sunday,384
1.0,sunday,sunday,385
1.0,"monday 

or if you want an",monday,386
1.0,monday,monday,387
1.0,sunday,sunday,388
1.0,sunday,sunday,389
1.0,wednesday,wednesday,390
1.0,monday,monday,391
1.0,monday,monday,392
1.0,monday,monday,393
1.0,sunday,sunday,394
1.0,sunday,sunday,395
1.0,monday,monday,396
1.0,sunday,sunday,397
1.0,tuesday,tuesday,398
1.0,sunday,sunday,399
1.0,sunday,sunday,400
1.0,wednesday,wednesday,401
1.0,monday,monday,402
1.0,sunday,sunday,403
1.0,sunday,sunday,404
1.0,sunday,sunday,405
1.0,sunday,sunday,406
1.0,monday,monday,407
1.0,sunday,sunday,408
1.0,tuesday,tuesday,409
1.0,tuesday,tuesday,410
1.0,monday,monday,411
1.0,sunday,sunday,412
1.0,sunday,sunday,413
1.0,sunday,sunday,414
1.0,sunday,sunday,415
1.0,wednesday,wednesday,416
1.0,wednesday,wednesday,417
1.0,"monday 

 (Note: Assuming the",monday,418
1.0,sunday,sunday,419
1.0,sunday,sunday,420
1.0,tuesday,tuesday,421
1.0,sunday,sunday,422
1.0,wednesday,wednesday,423
1.0,monday,monday,424
1.0,monday,monday,425
1.0,sunday,sunday,426
1.0,sunday,sunday,427
1.0,monday,monday,428
1.0,sunday,sunday,429
1.0,sunday,sunday,430
1.0,sunday,sunday,431
1.0,sunday,sunday,432
1.0,monday,monday,433
1.0,monday,monday,434
1.0,tuesday,tuesday,435
1.0,sunday,sunday,436
1.0,tuesday,tuesday,437
1.0,monday,monday,438
1.0,sunday,sunday,439
1.0,sunday,sunday,440
1.0,tuesday,tuesday,441
1.0,monday,monday,442
1.0,monday,monday,443
1.0,sunday,sunday,444
1.0,sunday,sunday,445
1.0,monday,monday,446
1.0,sunday,sunday,447
1.0,monday,monday,448
1.0,monday,monday,449
1.0,monday,monday,450
1.0,sunday,sunday,451
1.0,sunday,sunday,452
1.0,tuesday,tuesday,453
1.0,monday,monday,454
1.0,sunday,sunday,455
1.0,tuesday,tuesday,456
1.0,wednesday,wednesday,457
1.0,sunday,sunday,458
1.0,monday,monday,459
1.0,monday,monday,460
1.0,sunday,sunday,461
1.0,wednesday,wednesday,462
1.0,sunday,sunday,463
1.0,sunday,sunday,464
1.0,sunday,sunday,465
1.0,sunday,sunday,466
1.0,sunday,sunday,467
1.0,monday,monday,468
1.0,sunday,sunday,469
1.0,sunday,sunday,470
1.0,sunday,sunday,471
1.0,wednesday,wednesday,472
1.0,monday,monday,473
1.0,sunday,sunday,474
1.0,sunday,sunday,475
1.0,sunday,sunday,476
1.0,monday,monday,477
1.0,sunday,sunday,478
1.0,sunday,sunday,479
1.0,tuesday,tuesday,480
1.0,sunday,sunday,481
1.0,sunday,sunday,482
1.0,sunday,sunday,483
1.0,wednesday,wednesday,484
1.0,monday,monday,485
1.0,"monday 

(I did not roll anything",monday,486
1.0,sunday,sunday,487
1.0,monday,monday,488
1.0,wednesday,wednesday,489
1.0,sunday,sunday,490
1.0,monday,monday,491
1.0,sunday,sunday,492
1.0,sunday,sunday,493
1.0,sunday,sunday,494
1.0,wednesday,wednesday,495
1.0,monday,monday,496
1.0,tuesday,tuesday,497
1.0,wednesday,wednesday,498
1.0,sunday,sunday,499
1.0,monday,monday,500
1.5,sunday,sunday,1
1.5,tuesday,tuesday,2
1.5,wednesday,wednesday,3
1.5,"monday 

(two results, I",monday,4
1.5,wednesday,wednesday,5
1.5,sunday,sunday,6
1.5,sunday,sunday,7
1.5,wednesday,wednesday,8
1.5,sunday,sunday,9
1.5,monday,monday,10
1.5,sunday,sunday,11
1.5,monday,monday,12
1.5,tuesday,tuesday,13
1.5,monday,monday,14
1.5,wednesday,wednesday,15
1.5,monday,monday,16
1.5,wednesday,wednesday,17
1.5,tuesday,tuesday,18
1.5,sunday,sunday,19
1.5,monday,monday,20
1.5,monday,monday,21
1.5,sunday,sunday,22
1.5,tuesday,tuesday,23
1.5,monday,monday,24
1.5,sunday,sunday,25
1.5,wednesday,wednesday,26
1.5,sunday,sunday,27
1.5,sunday,sunday,28
1.5,wednesday,wednesday,29
1.5,monday,monday,30
1.5,monday,monday,31
1.5,wednesday,wednesday,32
1.5,monday,monday,33
1.5,sunday,sunday,34
1.5,sunday,sunday,35
1.5,sunday,sunday,36
1.5,monday,monday,37
1.5,tuesday,tuesday,38
1.5,wednesday,wednesday,39
1.5,wednesday,wednesday,40
1.5,monday,monday,41
1.5,sunday,sunday,42
1.5,sunday,sunday,43
1.5,sunday,sunday,44
1.5,sunday,sunday,45
1.5,sunday,sunday,46
1.5,sunday,sunday,47
1.5,sunday,sunday,48
1.5,wednesday,wednesday,49
1.5,tuesday,tuesday,50
1.5,sunday,sunday,51
1.5,wednesday,wednesday,52
1.5,wednesday,wednesday,53
1.5,tuesday,tuesday,54
1.5,sunday,sunday,55
1.5,sunday,sunday,56
1.5,monday,monday,57
1.5,monday,monday,58
1.5,"monday 

(or a specific response like",monday,59
1.5,monday,monday,60
1.5,monday,monday,61
1.5,tuesday,tuesday,62
1.5,sunday,sunday,63
1.5,wednesday,wednesday,64
1.5,monday,monday,65
1.5,sunday,sunday,66
1.5,wednesday,wednesday,67
1.5,tuesday,tuesday,68
1.5,tuesday,tuesday,69
1.5,sunday,sunday,70
1.5,sunday,sunday,71
1.5,sunday,sunday,72
1.5,monday,monday,73
1.5,tuesday,tuesday,74
1.5,tuesday,tuesday,75
1.5,sunday,sunday,76
1.5,sunday,sunday,77
1.5,tuesday,tuesday,78
1.5,wednesday,wednesday,79
1.5,"monday 

(two more rolls would",monday,80
1.5,monday,monday,81
1.5,monday,monday,82
1.5,tuesday,tuesday,83
1.5,"monday 

 Wait you said it was",monday,84
1.5,sunday,sunday,85
1.5,wednesday,wednesday,86
1.5,monday,monday,87
1.5,sunday,sunday,88
1.5,"monday 

if the die rolled a",monday,89
1.5,sunday,sunday,90
1.5,sunday,sunday,91
1.5,monday,monday,92
1.5,tuesday,tuesday,93
1.5,sunday,sunday,94
1.5,tuesday,tuesday,95
1.5,sunday,sunday,96
1.5,sunday,sunday,97
1.5,monday,monday,98
1.5,monday,monday,99
1.5,sunday,sunday,100
1.5,sunday,sunday,101
1.5,sunday,sunday,102
1.5,monday,monday,103
1.5,wednesday,wednesday,104
1.5,sunday,sunday,105
1.5,sunday,sunday,106
1.5,monday,monday,107
1.5,monday,monday,108
1.5,wednesday,wednesday,109
1.5,wednesday,wednesday,110
1.5,sunday,sunday,111
1.5,"monday 

(If you want the",monday,112
1.5,tuesday,tuesday,113
1.5,monday,monday,114
1.5,monday,monday,115
1.5,sunday,sunday,116
1.5,sunday,sunday,117
1.5,"monday 

 (Assuming this would",monday,118
1.5,monday,monday,119
1.5,sunday,sunday,120
1.5,sunday,sunday,121
1.5,tuesday,tuesday,122
1.5,sunday,sunday,123
1.5,sunday,sunday,124
1.5,wednesday,wednesday,125
1.5,sunday,sunday,126
1.5,wednesday,wednesday,127
1.5,tuesday,tuesday,128
1.5,tuesday,tuesday,129
1.5,tuesday,tuesday,130
1.5,wednesday,wednesday,131
1.5,sunday,sunday,132
1.5,sunday,sunday,133
1.5,sunday,sunday,134
1.5,sunday,sunday,135
1.5,sunday,sunday,136
1.5,sunday,sunday,137
1.5,sunday,sunday,138
1.5,tuesday,tuesday,139
1.5,wednesday,wednesday,140
1.5,monday,monday,141
1.5,tuesday,tuesday,142
1.5,sunday,sunday,143
1.5,sunday,sunday,144
1.5,wednesday,wednesday,145
1.5,sunday,sunday,146
1.5,monday,monday,147
1.5,"monday 

(wait for your roll)",monday,148
1.5,monday,monday,149
1.5,sunday,sunday,150
1.5,monday,monday,151
1.5,sunday,sunday,152
1.5,wednesday,wednesday,153
1.5,wednesday,wednesday,154
1.5,monday,monday,155
1.5,monday,monday,156
1.5,tuesday,tuesday,157
1.5,"monday 

 (edit) since this",monday,158
1.5,monday,monday,159
1.5,tuesday,tuesday,160
1.5,sunday,sunday,161
1.5,sunday,sunday,162
1.5,sunday,sunday,163
1.5,sunday,sunday,164
1.5,sunday,sunday,165
1.5,tuesday,tuesday,166
1.5,wednesday,wednesday,167
1.5,monday,monday,168
1.5,sunday,sunday,169
1.5,sunday,sunday,170
1.5,wednesday,wednesday,171
1.5,monday,monday,172
1.5,monday,monday,173
1.5,tuesday,tuesday,174
1.5,monday,monday,175
1.5,monday,monday,176
1.5,tuesday,tuesday,177
1.5,monday,monday,178
1.5,wednesday,wednesday,179
1.5,sunday,sunday,180
1.5,tuesday,tuesday,181
1.5,wednesday,wednesday,182
1.5,monday,monday,183
1.5,wednesday,wednesday,184
1.5,sunday,sunday,185
1.5,tuesday,tuesday,186
1.5,sunday,sunday,187
1.5,tuesday,tuesday,188
1.5,monday,monday,189
1.5,sunday,sunday,190
1.5,sunday,sunday,191
1.5,monday,monday,192
1.5,sunday,sunday,193
1.5,sunday,sunday,194
1.5,sunday,sunday,195
1.5,wednesday,wednesday,196
1.5,sunday,sunday,197
1.5,sunday,sunday,198
1.5,sunday,sunday,199
1.5,tuesday,tuesday,200
1.5,sunday,sunday,201
1.5,wednesday,wednesday,202
1.5,wednesday,wednesday,203
1.5,sunday,sunday,204
1.5,monday,monday,205
1.5,monday,monday,206
1.5,sunday,sunday,207
1.5,sunday,sunday,208
1.5,monday,monday,209
1.5,wednesday,wednesday,210
1.5,sunday,sunday,211
1.5,sunday,sunday,212
1.5,sunday,sunday,213
1.5,sunday,sunday,214
1.5,monday,monday,215
1.5,sunday,sunday,216
1.5,tuesday,tuesday,217
1.5,wednesday,wednesday,218
1.5,"monday 

(Note: The die is",monday,219
1.5,wednesday,wednesday,220
1.5,wednesday,wednesday,221
1.5,wednesday,wednesday,222
1.5,sunday,sunday,223
1.5,wednesday,wednesday,224
1.5,monday,monday,225
1.5,tuesday,tuesday,226
1.5,monday,monday,227
1.5,monday,monday,228
1.5,wednesday,wednesday,229
1.5,sunday,sunday,230
1.5,sunday,sunday,231
1.5,tuesday,tuesday,232
1.5,wednesday,wednesday,233
1.5,sunday,sunday,234
1.5,sunday,sunday,235
1.5,sunday,sunday,236
1.5,tuesday,tuesday,237
1.5,sunday,sunday,238
1.5,monday,monday,239
1.5,sunday,sunday,240
1.5,wednesday,wednesday,241
1.5,monday,monday,242
1.5,monday,monday,243
1.5,sunday,sunday,244
1.5,tuesday,tuesday,245
1.5,monday,monday,246
1.5,sunday,sunday,247
1.5,monday,monday,248
1.5,tuesday,tuesday,249
1.5,sunday,sunday,250
1.5,monday,monday,251
1.5,tuesday,tuesday,252
1.5,"monday 

or (more accurate)",monday,253
1.5,"monday 

or 

tuesday",monday,254
1.5,tuesday,tuesday,255
1.5,monday,monday,256
1.5,sunday,sunday,257
1.5,sunday,sunday,258
1.5,monday,monday,259
1.5,sunday,sunday,260
1.5,sunday,sunday,261
1.5,monday,monday,262
1.5,sunday,sunday,263
1.5,wednesday,wednesday,264
1.5,monday,monday,265
1.5,monday,monday,266
1.5,monday,monday,267
1.5,wednesday,wednesday,268
1.5,monday,monday,269
1.5,monday,monday,270
1.5,wednesday,wednesday,271
1.5,monday,monday,272
1.5,sunday,sunday,273
1.5,monday,monday,274
1.5,sunday,sunday,275
1.5,monday,monday,276
1.5,tuesday,tuesday,277
1.5,sunday,sunday,278
1.5,wednesday,wednesday,279
1.5,sunday,sunday,280
1.5,sunday,sunday,281
1.5,sunday,sunday,282
1.5,tuesday,tuesday,283
1.5,monday,monday,284
1.5,sunday,sunday,285
1.5,tuesday,tuesday,286
1.5,monday,monday,287
1.5,tuesday,tuesday,288
1.5,sunday,sunday,289
1.5,sunday,sunday,290
1.5,monday,monday,291
1.5,monday,monday,292
1.5,sunday,sunday,293
1.5,tuesday,tuesday,294
1.5,sunday,sunday,295
1.5,monday,monday,296
1.5,sunday,sunday,297
1.5,sunday,sunday,298
1.5,sunday,sunday,299
1.5,wednesday,wednesday,300
1.5,tuesday,tuesday,301
1.5,monday,monday,302
1.5,tuesday,tuesday,303
1.5,tuesday,tuesday,304
1.5,sunday,sunday,305
1.5,sunday,sunday,306
1.5,monday,monday,307
1.5,monday,monday,308
1.5,tuesday,tuesday,309
1.5,sunday,sunday,310
1.5,tuesday,tuesday,311
1.5,wednesday,wednesday,312
1.5,tuesday,tuesday,313
1.5,monday,monday,314
1.5,tuesday,tuesday,315
1.5,sunday,sunday,316
1.5,sunday,sunday,317
1.5,wednesday,wednesday,318
1.5,tuesday,tuesday,319
1.5,sunday,sunday,320
1.5,sunday,sunday,321
1.5,sunday,sunday,322
1.5,"monday 

(sorry, I made",monday,323
1.5,sunday,sunday,324
1.5,wednesday,wednesday,325
1.5,monday,monday,326
1.5,wednesday,wednesday,327
1.5,monday,monday,328
1.5,wednesday,wednesday,329
1.5,sunday,sunday,330
1.5,sunday,sunday,331
1.5,sunday,sunday,332
1.5,monday,monday,333
1.5,tuesday,tuesday,334
1.5,sunday,sunday,335
1.5,sunday,sunday,336
1.5,sunday,sunday,337
1.5,wednesday,wednesday,338
1.5,tuesday,tuesday,339
1.5,sunday,sunday,340
1.5,tuesday,tuesday,341
1.5,monday,monday,342
1.5,monday,monday,343
1.5,monday,monday,344
1.5,sunday,sunday,345
1.5,monday,monday,346
1.5,wednesday,wednesday,347
1.5,monday,monday,348
1.5,wednesday,wednesday,349
1.5,sunday,sunday,350
1.5,monday,monday,351
1.5,monday,monday,352
1.5,wednesday,wednesday,353
1.5,monday,monday,354
1.5,wednesday,wednesday,355
1.5,tuesday,tuesday,356
1.5,wednesday,wednesday,357
1.5,sunday,sunday,358
1.5,"monday 

If there was a way",monday,359
1.5,monday,monday,360
1.5,monday,monday,361
1.5,sunday,sunday,362
1.5,monday,monday,363
1.5,sunday,sunday,364
1.5,monday,monday,365
1.5,tuesday,tuesday,366
1.5,sunday,sunday,367
1.5,sunday,sunday,368
1.5,tuesday,tuesday,369
1.5,sunday,sunday,370
1.5,sunday,sunday,371
1.5,monday,monday,372
1.5,sunday,sunday,373
1.5,sunday,sunday,374
1.5,wednesday,wednesday,375
1.5,tuesday,tuesday,376
1.5,monday,monday,377
1.5,sunday,sunday,378
1.5,monday,monday,379
1.5,sunday,sunday,380
1.5,sunday,sunday,381
1.5,sunday,sunday,382
1.5,monday,monday,383
1.5,monday,monday,384
1.5,sunday,sunday,385
1.5,monday,monday,386
1.5,monday,monday,387
1.5,monday,monday,388
1.5,sunday,sunday,389
1.5,sunday,sunday,390
1.5,tuesday,tuesday,391
1.5,sunday,sunday,392
1.5,tuesday,tuesday,393
1.5,sunday,sunday,394
1.5,sunday,sunday,395
1.5,tuesday,tuesday,396
1.5,monday,monday,397
1.5,sunday,sunday,398
1.5,sunday,sunday,399
1.5,monday,monday,400
1.5,tuesday,tuesday,401
1.5,sunday,sunday,402
1.5,tuesday,tuesday,403
1.5,sunday,sunday,404
1.5,sunday,sunday,405
1.5,monday,monday,406
1.5,wednesday,wednesday,407
1.5,sunday,sunday,408
1.5,monday,monday,409
1.5,wednesday,wednesday,410
1.5,sunday,sunday,411
1.5,sunday,sunday,412
1.5,tuesday,tuesday,413
1.5,sunday,sunday,414
1.5,wednesday,wednesday,415
1.5,tuesday,tuesday,416
1.5,monday,monday,417
1.5,sunday,sunday,418
1.5,monday,monday,419
1.5,sunday,sunday,420
1.5,tuesday,tuesday,421
1.5,monday,monday,422
1.5,wednesday,wednesday,423
1.5,sunday,sunday,424
1.5,sunday,sunday,425
1.5,sunday,sunday,426
1.5,sunday,sunday,427
1.5,sunday,sunday,428
1.5,sunday,sunday,429
1.5,sunday,sunday,430
1.5,wednesday,wednesday,431
1.5,sunday,sunday,432
1.5,sunday,sunday,433
1.5,tuesday,tuesday,434
1.5,sunday,sunday,435
1.5,monday,monday,436
1.5,sunday,sunday,437
1.5,tuesday,tuesday,438
1.5,monday,monday,439
1.5,tuesday,tuesday,440
1.5,monday,monday,441
1.5,sunday,sunday,442
1.5,wednesday,wednesday,443
1.5,sunday,sunday,444
1.5,wednesday,wednesday,445
1.5,monday,monday,446
1.5,sunday,sunday,447
1.5,sunday,sunday,448
1.5,wednesday,wednesday,449
1.5,sunday,sunday,450
1.5,monday,monday,451
1.5,tuesday,tuesday,452
1.5,sunday,sunday,453
1.5,wednesday,wednesday,454
1.5,monday,monday,455
1.5,monday,monday,456
1.5,sunday,sunday,457
1.5,sunday,sunday,458
1.5,sunday,sunday,459
1.5,monday,monday,460
1.5,sunday,sunday,461
1.5,tuesday,tuesday,462
1.5,sunday,sunday,463
1.5,sunday,sunday,464
1.5,monday,monday,465
1.5,monday,monday,466
1.5,sunday,sunday,467
1.5,sunday,sunday,468
1.5,sunday,sunday,469
1.5,sunday,sunday,470
1.5,monday,monday,471
1.5,wednesday,wednesday,472
1.5,sunday,sunday,473
1.5,wednesday,wednesday,474
1.5,wednesday,wednesday,475
1.5,monday,monday,476
1.5,monday,monday,477
1.5,sunday,sunday,478
1.5,tuesday,tuesday,479
1.5,sunday,sunday,480
1.5,sunday,sunday,481
1.5,tuesday,tuesday,482
1.5,wednesday,wednesday,483
1.5,"monday 

or wednesday 

or",monday,484
1.5,sunday,sunday,485
1.5,monday,monday,486
1.5,sunday,sunday,487
1.5,tuesday,tuesday,488
1.5,sunday,sunday,489
1.5,sunday,sunday,490
1.5,wednesday,wednesday,491
1.5,sunday,sunday,492
1.5,sunday,sunday,493
1.5,tuesday,tuesday,494
1.5,monday,monday,495
1.5,wednesday,wednesday,496
1.5,monday,monday,497
1.5,tuesday,tuesday,498
1.5,monday,monday,499
1.5,monday,monday,500
2.0,tuesday,tuesday,1
2.0,monday,monday,2
2.0,"monday 

(Just roll it if",monday,3
2.0,wednesday,wednesday,4
2.0,tuesday,tuesday,5
2.0,tuesday,tuesday,6
2.0,tuesday,tuesday,7
2.0,"monday 

(If the die actually",monday,8
2.0,tuesday,tuesday,9
2.0,sunday,sunday,10
2.0,sunday,sunday,11
2.0,sunday,sunday,12
2.0,monday,monday,13
2.0,wednesday,wednesday,14
2.0,wednesday,wednesday,15
2.0,wednesday,wednesday,16
2.0,sunday,sunday,17
2.0,wednesday,wednesday,18
2.0,sunday,sunday,19
2.0,sunday,sunday,20
2.0,tuesday,tuesday,21
2.0,sunday,sunday,22
2.0,sunday,sunday,23
2.0,tuesday,tuesday,24
2.0,monday,monday,25
2.0,sunday,sunday,26
2.0,wednesday,wednesday,27
2.0,sunday,sunday,28
2.0,wednesday,wednesday,29
2.0,monday,monday,30
2.0,tuesday,tuesday,31
2.0,wednesday,wednesday,32
2.0,tuesday,tuesday,33
2.0,sunday,sunday,34
2.0,sunday,sunday,35
2.0,sunday,sunday,36
2.0,sunday,sunday,37
2.0,sunday,sunday,38
2.0,sunday,sunday,39
2.0,sunday,sunday,40
2.0,monday,monday,41
2.0,wednesday,wednesday,42
2.0,wednesday,wednesday,43
2.0,sunday,sunday,44
2.0,monday,monday,45
2.0,sunday,sunday,46
2.0,monday,monday,47
2.0,tuesday,tuesday,48
2.0,tuesday,tuesday,49
2.0,monday,monday,50
2.0,monday,monday,51
2.0,sunday,sunday,52
2.0,monday,monday,53
2.0,sunday,sunday,54
2.0,monday,monday,55
2.0,wednesday,wednesday,56
2.0,monday,monday,57
2.0,wednesday,wednesday,58
2.0,sunday,sunday,59
2.0,monday,monday,60
2.0,sunday,sunday,61
2.0,sunday,sunday,62
2.0,sunday,sunday,63
2.0,sunday,sunday,64
2.0,monday,monday,65
2.0,sunday,sunday,66
2.0,sunday,sunday,67
2.0,sunday,sunday,68
2.0,wednesday,wednesday,69
2.0,sunday,sunday,70
2.0,monday,monday,71
2.0,sunday,sunday,72
2.0,wednesday,wednesday,73
2.0,sunday,sunday,74
2.0,monday,monday,75
2.0,monday,monday,76
2.0,wednesday,wednesday,77
2.0,sunday,sunday,78
2.0,sunday,sunday,79
2.0,wednesday,wednesday,80
2.0,wednesday,wednesday,81
2.0,tuesday,tuesday,82
2.0,monday,monday,83
2.0,sunday,sunday,84
2.0,"monday 

(rolls 1)",monday,85
2.0,sunday,sunday,86
2.0,monday,monday,87
2.0,sunday,sunday,88
2.0,monday,monday,89
2.0,wednesday,wednesday,90
2.0,wednesday,wednesday,91
2.0,sunday,sunday,92
2.0,monday,monday,93
2.0,sunday,sunday,94
2.0,monday,monday,95
2.0,sunday,sunday,96
2.0,sunday,sunday,97
2.0,monday,monday,98
2.0,sunday,sunday,99
2.0,tuesday,tuesday,100
2.0,wednesday,wednesday,101
2.0,wednesday,wednesday,102
2.0,monday,monday,103
2.0,sunday,sunday,104
2.0,monday,monday,105
2.0,sunday,sunday,106
2.0,sunday,sunday,107
2.0,wednesday,wednesday,108
2.0,monday,monday,109
2.0,wednesday,wednesday,110
2.0,sunday,sunday,111
2.0,"monday 

(fair 7-sided",monday,112
2.0,sunday,sunday,113
2.0,wednesday,wednesday,114
2.0,tuesday,tuesday,115
2.0,tuesday,tuesday,116
2.0,sunday,sunday,117
2.0,tuesday,tuesday,118
2.0,tuesday,tuesday,119
2.0,sunday,sunday,120
2.0,sunday,sunday,121
2.0,sunday,sunday,122
2.0,sunday,sunday,123
2.0,wednesday,wednesday,124
2.0,monday,monday,125
2.0,sunday,sunday,126
2.0,wednesday,wednesday,127
2.0,tuesday,tuesday,128
2.0,tuesday,tuesday,129
2.0,sunday,sunday,130
2.0,sunday,sunday,131
2.0,monday,monday,132
2.0,tuesday,tuesday,133
2.0,tuesday,tuesday,134
2.0,monday,monday,135
2.0,sunday,sunday,136
2.0,wednesday,wednesday,137
2.0,wednesday,wednesday,138
2.0,"monday 

(Note: Rolling a fair",monday,139
2.0,monday,monday,140
2.0,tuesday,tuesday,141
2.0,tuesday,tuesday,142
2.0,monday,monday,143
2.0,sunday,sunday,144
2.0,sunday,sunday,145
2.0,sunday,sunday,146
2.0,wednesday,wednesday,147
2.0,sunday,sunday,148
2.0,"monday 

Note: Since your die",monday,149
2.0,wednesday,wednesday,150
2.0,wednesday,wednesday,151
2.0,tuesday,tuesday,152
2.0,wednesday,wednesday,153
2.0,monday,monday,154
2.0,tuesday,tuesday,155
2.0,tuesday,tuesday,156
2.0,tuesday,tuesday,157
2.0,wednesday,wednesday,158
2.0,wednesday,wednesday,159
2.0,sunday,sunday,160
2.0,tuesday,tuesday,161
2.0,monday,monday,162
2.0,tuesday,tuesday,163
2.0,sunday,sunday,164
2.0,"monday 

(sorry if there was",monday,165
2.0,tuesday,tuesday,166
2.0,sunday,sunday,167
2.0,wednesday,wednesday,168
2.0,wednesday,wednesday,169
2.0,monday,monday,170
2.0,monday,monday,171
2.0,wednesday,wednesday,172
2.0,sunday,sunday,173
2.0,sunday,sunday,174
2.0,sunday,sunday,175
2.0,sunday,sunday,176
2.0,sunday,sunday,177
2.0,monday,monday,178
2.0,monday,monday,179
2.0,wednesday,wednesday,180
2.0,sunday,sunday,181
2.0,tuesday,tuesday,182
2.0,sunday,sunday,183
2.0,sunday,sunday,184
2.0,monday,monday,185
2.0,wednesday,wednesday,186
2.0,sunday,sunday,187
2.0,sunday,sunday,188
2.0,sunday,sunday,189
2.0,tuesday,tuesday,190
2.0,sunday,sunday,191
2.0,wednesday,wednesday,192
2.0,monday,monday,193
2.0,tuesday,tuesday,194
2.0,monday,monday,195
2.0,wednesday,wednesday,196
2.0,"monday 

 (wait, i rolled",monday,197
2.0,monday,monday,198
2.0,sunday,sunday,199
2.0,sunday,sunday,200
2.0,sunday,sunday,201
2.0,tuesday,tuesday,202
2.0,wednesday,wednesday,203
2.0,monday,monday,204
2.0,monday,monday,205
2.0,tuesday,tuesday,206
2.0,sunday,sunday,207
2.0,monday,monday,208
2.0,tuesday,tuesday,209
2.0,monday,monday,210
2.0,wednesday,wednesday,211
2.0,monday,monday,212
2.0,monday,monday,213
2.0,wednesday,wednesday,214
2.0,"monday 

(take that into consideration",monday,215
2.0,sunday,sunday,216
2.0,sunday,sunday,217
2.0,sunday,sunday,218
2.0,monday,monday,219
2.0,sunday,sunday,220
2.0,sunday,sunday,221
2.0,monday,monday,222
2.0,sunday,sunday,223
2.0,wednesday,wednesday,224
2.0,sunday,sunday,225
2.0,sunday,sunday,226
2.0,sunday,sunday,227
2.0,tuesday,tuesday,228
2.0,sunday,sunday,229
2.0,sunday,sunday,230
2.0,monday,monday,231
2.0,monday,monday,232
2.0,monday,monday,233
2.0,monday,monday,234
2.0,wednesday,wednesday,235
2.0,wednesday,wednesday,236
2.0,sunday,sunday,237
2.0,wednesday,wednesday,238
2.0,monday,monday,239
2.0,monday,monday,240
2.0,sunday,sunday,241
2.0,tuesday,tuesday,242
2.0,sunday,sunday,243
2.0,sunday,sunday,244
2.0,monday,monday,245
2.0,sunday,sunday,246
2.0,sunday,sunday,247
2.0,sunday,sunday,248
2.0,monday,monday,249
2.0,sunday,sunday,250
2.0,monday,monday,251
2.0,tuesday,tuesday,252
2.0,wednesday,wednesday,253
2.0,monday,monday,254
2.0,monday,monday,255
2.0,tuesday,tuesday,256
2.0,monday,monday,257
2.0,monday,monday,258
2.0,tuesday,tuesday,259
2.0,wednesday,wednesday,260
2.0,sunday,sunday,261
2.0,sunday,sunday,262
2.0,sunday,sunday,263
2.0,wednesday,wednesday,264
2.0,sunday,sunday,265
2.0,tuesday,tuesday,266
2.0,sunday,sunday,267
2.0,monday,monday,268
2.0,monday,monday,269
2.0,monday,monday,270
2.0,tuesday,tuesday,271
2.0,wednesday,wednesday,272
2.0,sunday,sunday,273
2.0,wednesday,wednesday,274
2.0,tuesday,tuesday,275
2.0,sunday,sunday,276
2.0,wednesday,wednesday,277
2.0,sunday,sunday,278
2.0,sunday,sunday,279
2.0,sunday,sunday,280
2.0,monday,monday,281
2.0,sunday,sunday,282
2.0,sunday,sunday,283
2.0,wednesday,wednesday,284
2.0,sunday,sunday,285
2.0,tuesday,tuesday,286
2.0,monday,monday,287
2.0,sunday,sunday,288
2.0,wednesday,wednesday,289
2.0,tuesday,tuesday,290
2.0,tuesday,tuesday,291
2.0,"monday 

If you want the output",monday,292
2.0,monday,monday,293
2.0,monday,monday,294
2.0,monday,monday,295
2.0,monday,monday,296
2.0,monday,monday,297
2.0,wednesday,wednesday,298
2.0,tuesday,tuesday,299
2.0,monday,monday,300
2.0,monday,monday,301
2.0,monday,monday,302
2.0,sunday,sunday,303
2.0,sunday,sunday,304
2.0,monday,monday,305
2.0,"monday 

If I had another die",monday,306
2.0,sunday,sunday,307
2.0,monday,monday,308
2.0,monday,monday,309
2.0,monday,monday,310
2.0,tuesday,tuesday,311
2.0,sunday,sunday,312
2.0,"monday 

(rolls again)
s",monday,313
2.0,sunday,sunday,314
2.0,monday,monday,315
2.0,sunday,sunday,316
2.0,sunday,sunday,317
2.0,sunday,sunday,318
2.0,monday,monday,319
2.0,monday,monday,320
2.0,sunday,sunday,321
2.0,monday,monday,322
2.0,wednesday,wednesday,323
2.0,sunday,sunday,324
2.0,sunday,sunday,325
2.0,wednesday,wednesday,326
2.0,"monday 

(Note: Rolling a",monday,327
2.0,"monday 

(rolled a fair",monday,328
2.0,tuesday,tuesday,329
2.0,tuesday,tuesday,330
2.0,wednesday,wednesday,331
2.0,sunday,sunday,332
2.0,"monday 

(twenty minutes and",monday,333
2.0,sunday,sunday,334
2.0,sunday,sunday,335
2.0,sunday,sunday,336
2.0,tuesday,tuesday,337
2.0,tuesday,tuesday,338
2.0,"monday 

(please note this would",monday,339
2.0,sunday,sunday,340
2.0,monday,monday,341
2.0,monday,monday,342
2.0,wednesday,wednesday,343
2.0,wednesday,wednesday,344
2.0,tuesday,tuesday,345
2.0,wednesday,wednesday,346
2.0,monday,monday,347
2.0,"monday 

(Note: rolling a",monday,348
2.0,tuesday,tuesday,349
2.0,sunday,sunday,350
2.0,sunday,sunday,351
2.0,monday,monday,352
2.0,monday,monday,353
2.0,sunday,sunday,354
2.0,tuesday,tuesday,355
2.0,sunday,sunday,356
2.0,sunday,sunday,357
2.0,wednesday,wednesday,358
2.0,sunday,sunday,359
2.0,monday,monday,360
2.0,sunday,sunday,361
2.0,monday,monday,362
2.0,sunday,sunday,363
2.0,wednesday,wednesday,364
2.0,tuesday,tuesday,365
2.0,monday,monday,366
2.0,wednesday,wednesday,367
2.0,sunday,sunday,368
2.0,monday,monday,369
2.0,sunday,sunday,370
2.0,wednesday,wednesday,371
2.0,sunday,sunday,372
2.0,wednesday,wednesday,373
2.0,wednesday,wednesday,374
2.0,wednesday,wednesday,375
2.0,wednesday,wednesday,376
2.0,wednesday,wednesday,377
2.0,tuesday,tuesday,378
2.0,sunday,sunday,379
2.0,wednesday,wednesday,380
2.0,sunday,sunday,381
2.0,wednesday,wednesday,382
2.0,monday,monday,383
2.0,sunday,sunday,384
2.0,sunday,sunday,385
2.0,monday,monday,386
2.0,sunday,sunday,387
2.0,tuesday,tuesday,388
2.0,sunday,sunday,389
2.0,sunday,sunday,390
2.0,wednesday,wednesday,391
2.0,tuesday,tuesday,392
2.0,"monday 

(This code isn't truly",monday,393
2.0,monday,monday,394
2.0,tuesday,tuesday,395
2.0,monday,monday,396
2.0,monday,monday,397
2.0,tuesday,tuesday,398
2.0,tuesday,tuesday,399
2.0,monday,monday,400
2.0,sunday,sunday,401
2.0,wednesday,wednesday,402
2.0,tuesday,tuesday,403
2.0,sunday,sunday,404
2.0,wednesday,wednesday,405
2.0,sunday,sunday,406
2.0,tuesday,tuesday,407
2.0,sunday,sunday,408
2.0,"monday 

(no rolling of the die",monday,409
2.0,sunday,sunday,410
2.0,wednesday,wednesday,411
2.0,"monday 

or tuesday 
or",monday,412
2.0,sunday,sunday,413
2.0,monday,monday,414
2.0,sunday,sunday,415
2.0,sunday,sunday,416
2.0,tuesday,tuesday,417
2.0,wednesday,wednesday,418
2.0,tuesday,tuesday,419
2.0,sunday,sunday,420
2.0,monday,monday,421
2.0,wednesday,wednesday,422
2.0,wednesday,wednesday,423
2.0,monday,monday,424
2.0,monday,monday,425
2.0,tuesday,tuesday,426
2.0,tuesday,tuesday,427
2.0,wednesday,wednesday,428
2.0,tuesday,tuesday,429
2.0,wednesday,wednesday,430
2.0,"monday 

(sorry for the earlier",monday,431
2.0,tuesday,tuesday,432
2.0,tuesday,tuesday,433
2.0,monday,monday,434
2.0,monday,monday,435
2.0,"monday 

(waiting for the result",monday,436
2.0,wednesday,wednesday,437
2.0,tuesday,tuesday,438
2.0,sunday,sunday,439
2.0,tuesday,tuesday,440
2.0,tuesday,tuesday,441
2.0,monday,monday,442
2.0,"monday 

(Or a similar response",monday,443
2.0,tuesday,tuesday,444
2.0,sunday,sunday,445
2.0,tuesday,tuesday,446
2.0,sunday,sunday,447
2.0,wednesday,wednesday,448
2.0,"monday 

(if I didn't make",monday,449
2.0,monday,monday,450
2.0,sunday,sunday,451
2.0,monday,monday,452
2.0,wednesday,wednesday,453
2.0,wednesday,wednesday,454
2.0,sunday,sunday,455
2.0,"monday 

(wait for input)",monday,456
2.0,wednesday,wednesday,457
2.0,sunday,sunday,458
2.0,monday,monday,459
2.0,tuesday,tuesday,460
2.0,monday,monday,461
2.0,wednesday,wednesday,462
2.0,sunday,sunday,463
2.0,"monday 

(rolled a 1",monday,464
2.0,monday,monday,465
2.0,sunday,sunday,466
2.0,sunday,sunday,467
2.0,wednesday,wednesday,468
2.0,sunday,sunday,469
2.0,sunday,sunday,470
2.0,sunday,sunday,471
2.0,wednesday,wednesday,472
2.0,wednesday,wednesday,473
2.0,sunday,sunday,474
2.0,sunday,sunday,475
2.0,tuesday,tuesday,476
2.0,monday,monday,477
2.0,sunday,sunday,478
2.0,sunday,sunday,479
2.0,monday,monday,480
2.0,tuesday,tuesday,481
2.0,tuesday,tuesday,482
2.0,sunday,sunday,483
2.0,wednesday,wednesday,484
2.0,tuesday,tuesday,485
2.0,monday,monday,486
2.0,tuesday,tuesday,487
2.0,wednesday,wednesday,488
2.0,sunday,sunday,489
2.0,monday,monday,490
2.0,wednesday,wednesday,491
2.0,monday,monday,492
2.0,wednesday,wednesday,493
2.0,sunday,sunday,494
2.0,"monday 

 (assuming you rolled a",monday,495
2.0,monday,monday,496
2.0,monday,monday,497
2.0,tuesday,tuesday,498
2.0,sunday,sunday,499
2.0,wednesday,wednesday,500
